Kód Lakma;Heureka kategorie CZ;Heureka kategorie SK
1012504;Heureka.cz | Drogerie | Čisticí prostředky | Čisticí prostředky na koberce a čalounění;Heureka.sk | Drogéria | Čistiace prostriedky | Čistiace prostriedky na koberce a čalúnenie
1012506;Heureka.cz | Drogerie | Čisticí prostředky | Čisticí prostředky na koberce a čalounění;Heureka.sk | Drogéria | Čistiace prostriedky | Čistiace prostriedky na koberce a čalúnenie
1012507;Heureka.cz | Drogerie | Čisticí prostředky | Čisticí prostředky na koberce a čalounění;Heureka.sk | Drogéria | Čistiace prostriedky | Čistiace prostriedky na koberce a čalúnenie
1013610;Heureka.cz | Drogerie | Praní prádla | Prací prostředky | Prací kapsle a tablety;Heureka.sk | Drogéria | Pranie bielizne | Pracie prostriedky | Pracie kapsule a tablety
1013611;Heureka.cz | Drogerie | Praní prádla | Prací prostředky | Prací kapsle a tablety;Heureka.sk | Drogéria | Pranie bielizne | Pracie prostriedky | Pracie kapsule a tablety
1013617;Heureka.cz | Drogerie | Praní prádla | Prací prostředky | Prací kapsle a tablety;Heureka.sk | Drogéria | Pranie bielizne | Pracie prostriedky | Pracie kapsule a tablety
1013623;Heureka.cz | Drogerie | Praní prádla | Prací prostředky | Prací kapsle a tablety;Heureka.sk | Drogéria | Pranie bielizne | Pracie prostriedky | Pracie kapsule a tablety
1013624;Heureka.cz | Drogerie | Praní prádla | Prací prostředky | Prací kapsle a tablety;Heureka.sk | Drogéria | Pranie bielizne | Pracie prostriedky | Pracie kapsule a tablety
1013625;Heureka.cz | Drogerie | Praní prádla | Prací prostředky | Prací kapsle a tablety;Heureka.sk | Drogéria | Pranie bielizne | Pracie prostriedky | Pracie kapsule a tablety
1013804;Heureka.cz | Drogerie | Praní prádla | Aviváže;Heureka.sk | Drogéria | Pranie bielizne | Aviváže
1013805;Heureka.cz | Drogerie | Praní prádla | Aviváže;Heureka.sk | Drogéria | Pranie bielizne | Aviváže
1013806;Heureka.cz | Drogerie | Praní prádla | Aviváže;Heureka.sk | Drogéria | Pranie bielizne | Aviváže
1013502;Heureka.cz | Drogerie | Čisticí prostředky | Dezinfekční prostředky na WC;Heureka.sk | Drogéria | Čistiace prostriedky | Dezinfekčné prostriedky na WC
1013505;Heureka.cz | Drogerie | Čisticí prostředky | Dezinfekční prostředky na WC;Heureka.sk | Drogéria | Čistiace prostriedky | Dezinfekčné prostriedky na WC
1013506;Heureka.cz | Drogerie | Čisticí prostředky | Dezinfekční prostředky na WC;Heureka.sk | Drogéria | Čistiace prostriedky | Dezinfekčné prostriedky na WC
1015000;Heureka.cz | Drogerie | Ekologická domácnost | Ekologické čisticí prostředky;Heureka.sk | Drogéria | Ekologická domácnosť | Ekologické čistiace prostriedky
1015001;Heureka.cz | Drogerie | Ekologická domácnost | Ekologické čisticí prostředky;Heureka.sk | Drogéria | Ekologická domácnosť | Ekologické čistiace prostriedky
1015002;Heureka.cz | Drogerie | Ekologická domácnost | Ekologické čisticí prostředky;Heureka.sk | Drogéria | Ekologická domácnosť | Ekologické čistiace prostriedky
1015003;Heureka.cz | Drogerie | Ekologická domácnost | Ekologické čisticí prostředky;Heureka.sk | Drogéria | Ekologická domácnosť | Ekologické čistiace prostriedky
1015004;Heureka.cz | Drogerie | Ekologická domácnost | Ekologické čisticí prostředky;Heureka.sk | Drogéria | Ekologická domácnosť | Ekologické čistiace prostriedky
1015005;Heureka.cz | Drogerie | Ekologická domácnost | Ekologické čisticí prostředky;Heureka.sk | Drogéria | Ekologická domácnosť | Ekologické čistiace prostriedky
1010101;Heureka.cz | Drogerie | Čisticí prostředky | Leštící prostředky | Leštidla na podlahy;Heureka.sk | Drogéria | Čistiace prostriedky | Leštiace prostriedky | Leštidlá na podlahy
1010104;Heureka.cz | Drogerie | Čisticí prostředky | Leštící prostředky | Leštidla na podlahy;Heureka.sk | Drogéria | Čistiace prostriedky | Leštiace prostriedky | Leštidlá na podlahy
1010107;Heureka.cz | Drogerie | Čisticí prostředky | Leštící prostředky | Leštidla na podlahy;Heureka.sk | Drogéria | Čistiace prostriedky | Leštiace prostriedky | Leštidlá na podlahy
1010112;Heureka.cz | Drogerie | Čisticí prostředky | Leštící prostředky | Leštidla na podlahy;Heureka.sk | Drogéria | Čistiace prostriedky | Leštiace prostriedky | Leštidlá na podlahy
1011002;Heureka.cz | Drogerie | Čisticí prostředky | Leštící prostředky | Leštidla na podlahy;Heureka.sk | Drogéria | Čistiace prostriedky | Leštiace prostriedky | Leštidlá na podlahy
1011004;Heureka.cz | Drogerie | Čisticí prostředky | Leštící prostředky | Leštidla na podlahy;Heureka.sk | Drogéria | Čistiace prostriedky | Leštiace prostriedky | Leštidlá na podlahy
1011501;Heureka.cz | Drogerie | Čisticí prostředky | Leštící prostředky | Leštidla na nábytek a přípravky proti prachu;Heureka.sk | Drogéria | Čistiace prostriedky | Leštiace prostriedky | Leštidlá na nábytok a prípravky proti prachu
1011502;Heureka.cz | Drogerie | Čisticí prostředky | Leštící prostředky | Leštidla na nábytek a přípravky proti prachu;Heureka.sk | Drogéria | Čistiace prostriedky | Leštiace prostriedky | Leštidlá na nábytok a prípravky proti prachu
1011503;Heureka.cz | Drogerie | Čisticí prostředky | Leštící prostředky | Leštidla na nábytek a přípravky proti prachu;Heureka.sk | Drogéria | Čistiace prostriedky | Leštiace prostriedky | Leštidlá na nábytok a prípravky proti prachu
1011508;Heureka.cz | Drogerie | Čisticí prostředky | Leštící prostředky | Leštidla na nábytek a přípravky proti prachu;Heureka.sk | Drogéria | Čistiace prostriedky | Leštiace prostriedky | Leštidlá na nábytok a prípravky proti prachu
1011509;Heureka.cz | Drogerie | Čisticí prostředky | Leštící prostředky | Leštidla na nábytek a přípravky proti prachu;Heureka.sk | Drogéria | Čistiace prostriedky | Leštiace prostriedky | Leštidlá na nábytok a prípravky proti prachu
1011510;Heureka.cz | Drogerie | Čisticí prostředky | Leštící prostředky | Leštidla na nábytek a přípravky proti prachu;Heureka.sk | Drogéria | Čistiace prostriedky | Leštiace prostriedky | Leštidlá na nábytok a prípravky proti prachu
1011511;Heureka.cz | Drogerie | Čisticí prostředky | Leštící prostředky | Leštidla na nábytek a přípravky proti prachu;Heureka.sk | Drogéria | Čistiace prostriedky | Leštiace prostriedky | Leštidlá na nábytok a prípravky proti prachu
1011512;Heureka.cz | Drogerie | Čisticí prostředky | Leštící prostředky | Leštidla na nábytek a přípravky proti prachu;Heureka.sk | Drogéria | Čistiace prostriedky | Leštiace prostriedky | Leštidlá na nábytok a prípravky proti prachu
1011515;Heureka.cz | Drogerie | Čisticí prostředky | Leštící prostředky | Leštidla na nábytek a přípravky proti prachu;Heureka.sk | Drogéria | Čistiace prostriedky | Leštiace prostriedky | Leštidlá na nábytok a prípravky proti prachu
1011516;Heureka.cz | Drogerie | Čisticí prostředky | Leštící prostředky | Leštidla na nábytek a přípravky proti prachu;Heureka.sk | Drogéria | Čistiace prostriedky | Leštiace prostriedky | Leštidlá na nábytok a prípravky proti prachu
1011517;Heureka.cz | Drogerie | Čisticí prostředky | Leštící prostředky | Leštidla na nábytek a přípravky proti prachu;Heureka.sk | Drogéria | Čistiace prostriedky | Leštiace prostriedky | Leštidlá na nábytok a prípravky proti prachu
1011518;Heureka.cz | Drogerie | Čisticí prostředky | Čistící prostředky na nábytek;Heureka.sk | Drogéria | Čistiace prostriedky | Čistiace prostriedky na nábytok
1010136;Heureka.cz | Drogerie | Čisticí prostředky | Čistící prostředky na podlahy;Heureka.sk | Drogéria | Čistiace prostriedky | Čistiace prostriedky na podlahy
1010137;Heureka.cz | Drogerie | Čisticí prostředky | Čistící prostředky na podlahy;Heureka.sk | Drogéria | Čistiace prostriedky | Čistiace prostriedky na podlahy
1010139;Heureka.cz | Drogerie | Čisticí prostředky | Čistící prostředky na podlahy;Heureka.sk | Drogéria | Čistiace prostriedky | Čistiace prostriedky na podlahy
1010142;Heureka.cz | Drogerie | Čisticí prostředky | Čistící prostředky na podlahy;Heureka.sk | Drogéria | Čistiace prostriedky | Čistiace prostriedky na podlahy
1010143;Heureka.cz | Drogerie | Čisticí prostředky | Čistící prostředky na podlahy;Heureka.sk | Drogéria | Čistiace prostriedky | Čistiace prostriedky na podlahy
1010150;Heureka.cz | Drogerie | Čisticí prostředky | Čistící prostředky na podlahy;Heureka.sk | Drogéria | Čistiace prostriedky | Čistiace prostriedky na podlahy
1010151;Heureka.cz | Drogerie | Čisticí prostředky | Čistící prostředky na podlahy;Heureka.sk | Drogéria | Čistiace prostriedky | Čistiace prostriedky na podlahy
1010154;Heureka.cz | Drogerie | Čisticí prostředky | Čistící prostředky na podlahy;Heureka.sk | Drogéria | Čistiace prostriedky | Čistiace prostriedky na podlahy
1010156;Heureka.cz | Drogerie | Čisticí prostředky | Čistící prostředky na podlahy;Heureka.sk | Drogéria | Čistiace prostriedky | Čistiace prostriedky na podlahy
1010159;Heureka.cz | Drogerie | Čisticí prostředky | Čistící prostředky na podlahy;Heureka.sk | Drogéria | Čistiace prostriedky | Čistiace prostriedky na podlahy
1010160;Heureka.cz | Drogerie | Čisticí prostředky | Čistící prostředky na podlahy;Heureka.sk | Drogéria | Čistiace prostriedky | Čistiace prostriedky na podlahy
1010161;Heureka.cz | Drogerie | Čisticí prostředky | Čistící prostředky na podlahy;Heureka.sk | Drogéria | Čistiace prostriedky | Čistiace prostriedky na podlahy
1010166;Heureka.cz | Drogerie | Čisticí prostředky | Čistící prostředky na podlahy;Heureka.sk | Drogéria | Čistiace prostriedky | Čistiace prostriedky na podlahy
1010170;Heureka.cz | Drogerie | Čisticí prostředky | Čistící prostředky na podlahy;Heureka.sk | Drogéria | Čistiace prostriedky | Čistiace prostriedky na podlahy
1010171;Heureka.cz | Drogerie | Čisticí prostředky | Čistící prostředky na podlahy;Heureka.sk | Drogéria | Čistiace prostriedky | Čistiace prostriedky na podlahy
1010172;Heureka.cz | Drogerie | Čisticí prostředky | Čistící prostředky na podlahy;Heureka.sk | Drogéria | Čistiace prostriedky | Čistiace prostriedky na podlahy
1010173;Heureka.cz | Drogerie | Čisticí prostředky | Čistící prostředky na podlahy;Heureka.sk | Drogéria | Čistiace prostriedky | Čistiace prostriedky na podlahy
1010174;Heureka.cz | Drogerie | Čisticí prostředky | Čistící prostředky na podlahy;Heureka.sk | Drogéria | Čistiace prostriedky | Čistiace prostriedky na podlahy
1010180;Heureka.cz | Drogerie | Čisticí prostředky | Čistící prostředky na podlahy;Heureka.sk | Drogéria | Čistiace prostriedky | Čistiace prostriedky na podlahy
1011003;Heureka.cz | Drogerie | Čisticí prostředky | Univerzální čisticí prostředky;Heureka.sk | Drogéria | Čistiace prostriedky | Univerzálne čistiace prostriedky
1011901;Heureka.cz | Drogerie | Čisticí prostředky | Univerzální čisticí prostředky;Heureka.sk | Drogéria | Čistiace prostriedky | Univerzálne čistiace prostriedky
1011903;Heureka.cz | Drogerie | Čisticí prostředky | Čisticí prostředky do koupelny a kuchyně;Heureka.sk | Drogéria | Čistiace prostriedky | Čistiace prostriedky na kúpeľne a kuchyne
1011904;Heureka.cz | Drogerie | Čisticí prostředky | Čisticí prostředky do koupelny a kuchyně;Heureka.sk | Drogéria | Čistiace prostriedky | Čistiace prostriedky na kúpeľne a kuchyne
1011908;Heureka.cz | Drogerie | Čisticí prostředky | Univerzální čisticí prostředky;Heureka.sk | Drogéria | Čistiace prostriedky | Univerzálne čistiace prostriedky
1011909;Heureka.cz | Drogerie | Čisticí prostředky | Čisticí prostředky do koupelny a kuchyně;Heureka.sk | Drogéria | Čistiace prostriedky | Čistiace prostriedky na kúpeľne a kuchyne
1011910;Heureka.cz | Drogerie | Čisticí prostředky | Čisticí prostředky do koupelny a kuchyně;Heureka.sk | Drogéria | Čistiace prostriedky | Čistiace prostriedky na kúpeľne a kuchyne
1011912;Heureka.cz | Drogerie | Čisticí prostředky | Čisticí prostředky do koupelny a kuchyně;Heureka.sk | Drogéria | Čistiace prostriedky | Čistiace prostriedky na kúpeľne a kuchyne
1011913;Heureka.cz | Drogerie | Čisticí prostředky | Čisticí prostředky do koupelny a kuchyně;Heureka.sk | Drogéria | Čistiace prostriedky | Čistiace prostriedky na kúpeľne a kuchyne
1011915;Heureka.cz | Drogerie | Čisticí prostředky | Čistící přípravky na kamna a krby;Heureka.sk | Drogéria | Čistiace prostriedky | Univerzálne čistiace prostriedky
1011916;Heureka.cz | Drogerie | Čisticí prostředky | Čističe odpadu;Heureka.sk | Drogéria | Čistiace prostriedky | Čističe odpadu
1011919;Heureka.cz | Drogerie | Čisticí prostředky | Čisticí prostředky do koupelny a kuchyně;Heureka.sk | Drogéria | Čistiace prostriedky | Čistiace prostriedky na kúpeľne a kuchyne
1013601;Heureka.cz | Drogerie | Praní prádla | Odstraňovače skvrn;Heureka.sk | Drogéria | Pranie bielizne | Odstraňovače škvŕn
1013602;Heureka.cz | Drogerie | Praní prádla | Odstraňovače skvrn;Heureka.sk | Drogéria | Pranie bielizne | Odstraňovače škvŕn
1013603;Heureka.cz | Drogerie | Praní prádla | Odstraňovače skvrn;Heureka.sk | Drogéria | Pranie bielizne | Odstraňovače škvŕn
1013612;Heureka.cz | Drogerie | Praní prádla | Prací prostředky | Prací gely;Heureka.sk | Drogéria | Pranie bielizne | Pracie prostriedky | Pracie gély
1013613;Heureka.cz | Drogerie | Praní prádla | Prací prostředky | Prací gely;Heureka.sk | Drogéria | Pranie bielizne | Pracie prostriedky | Pracie gély
1013614;Heureka.cz | Drogerie | Praní prádla | Prací prostředky | Prací kapsle a tablety;Heureka.sk | Drogéria | Pranie bielizne | Pracie prostriedky | Pracie kapsule a tablety
1013615;Heureka.cz | Drogerie | Praní prádla | Prací prostředky | Prací kapsle a tablety;Heureka.sk | Drogéria | Pranie bielizne | Pracie prostriedky | Pracie kapsule a tablety
1013616;Heureka.cz | Drogerie | Praní prádla | Prací prostředky | Prací kapsle a tablety;Heureka.sk | Drogéria | Pranie bielizne | Pracie prostriedky | Pracie kapsule a tablety
1013618;Heureka.cz | Drogerie | Praní prádla | Prací prostředky | Prací kapsle a tablety;Heureka.sk | Drogéria | Pranie bielizne | Pracie prostriedky | Pracie kapsule a tablety
1013619;Heureka.cz | Drogerie | Praní prádla | Prací prostředky | Prací kapsle a tablety;Heureka.sk | Drogéria | Pranie bielizne | Pracie prostriedky | Pracie kapsule a tablety
1013620;Heureka.cz | Drogerie | Praní prádla | Prací prostředky | Prací kapsle a tablety;Heureka.sk | Drogéria | Pranie bielizne | Pracie prostriedky | Pracie kapsule a tablety
1010501;Heureka.cz | Drogerie | Čisticí prostředky | Univerzální čisticí prostředky;Heureka.sk | Drogéria | Čistiace prostriedky | Univerzálne čistiace prostriedky
1010502;Heureka.cz | Drogerie | Čisticí prostředky | Univerzální čisticí prostředky;Heureka.sk | Drogéria | Čistiace prostriedky | Univerzálne čistiace prostriedky
1010503;Heureka.cz | Drogerie | Čisticí prostředky | Univerzální čisticí prostředky;Heureka.sk | Drogéria | Čistiace prostriedky | Univerzálne čistiace prostriedky
1010504;Heureka.cz | Drogerie | Čisticí prostředky | Univerzální čisticí prostředky;Heureka.sk | Drogéria | Čistiace prostriedky | Univerzálne čistiace prostriedky
1010505;Heureka.cz | Drogerie | Čisticí prostředky | Univerzální čisticí prostředky;Heureka.sk | Drogéria | Čistiace prostriedky | Univerzálne čistiace prostriedky
1010506;Heureka.cz | Drogerie | Čisticí prostředky | Univerzální čisticí prostředky;Heureka.sk | Drogéria | Čistiace prostriedky | Univerzálne čistiace prostriedky
1010507;Heureka.cz | Drogerie | Čisticí prostředky | Univerzální čisticí prostředky;Heureka.sk | Drogéria | Čistiace prostriedky | Univerzálne čistiace prostriedky
1010508;Heureka.cz | Drogerie | Čisticí prostředky | Univerzální čisticí prostředky;Heureka.sk | Drogéria | Čistiace prostriedky | Univerzálne čistiace prostriedky
1010509;Heureka.cz | Drogerie | Čisticí prostředky | Univerzální čisticí prostředky;Heureka.sk | Drogéria | Čistiace prostriedky | Univerzálne čistiace prostriedky
1010510;Heureka.cz | Drogerie | Čisticí prostředky | Univerzální čisticí prostředky;Heureka.sk | Drogéria | Čistiace prostriedky | Univerzálne čistiace prostriedky
1010511;Heureka.cz | Drogerie | Čisticí prostředky | Univerzální čisticí prostředky;Heureka.sk | Drogéria | Čistiace prostriedky | Univerzálne čistiace prostriedky
1010512;Heureka.cz | Drogerie | Čisticí prostředky | Univerzální čisticí prostředky;Heureka.sk | Drogéria | Čistiace prostriedky | Univerzálne čistiace prostriedky
1010513;Heureka.cz | Drogerie | Čisticí prostředky | Univerzální čisticí prostředky;Heureka.sk | Drogéria | Čistiace prostriedky | Univerzálne čistiace prostriedky
1010514;Heureka.cz | Drogerie | Čisticí prostředky | Univerzální čisticí prostředky;Heureka.sk | Drogéria | Čistiace prostriedky | Univerzálne čistiace prostriedky
1010515;Heureka.cz | Drogerie | Čisticí prostředky | Univerzální čisticí prostředky;Heureka.sk | Drogéria | Čistiace prostriedky | Univerzálne čistiace prostriedky
1010517;Heureka.cz | Drogerie | Čisticí prostředky | Univerzální čisticí prostředky;Heureka.sk | Drogéria | Čistiace prostriedky | Univerzálne čistiace prostriedky
1010518;Heureka.cz | Drogerie | Čisticí prostředky | Univerzální čisticí prostředky;Heureka.sk | Drogéria | Čistiace prostriedky | Univerzálne čistiace prostriedky
1010519;Heureka.cz | Drogerie | Čisticí prostředky | Univerzální čisticí prostředky;Heureka.sk | Drogéria | Čistiace prostriedky | Univerzálne čistiace prostriedky
1010520;Heureka.cz | Drogerie | Čisticí prostředky | Univerzální čisticí prostředky;Heureka.sk | Drogéria | Čistiace prostriedky | Univerzálne čistiace prostriedky
1010521;Heureka.cz | Drogerie | Čisticí prostředky | Univerzální čisticí prostředky;Heureka.sk | Drogéria | Čistiace prostriedky | Univerzálne čistiace prostriedky
1010522;Heureka.cz | Drogerie | Čisticí prostředky | Univerzální čisticí prostředky;Heureka.sk | Drogéria | Čistiace prostriedky | Univerzálne čistiace prostriedky
1010523;Heureka.cz | Drogerie | Čisticí prostředky | Univerzální čisticí prostředky;Heureka.sk | Drogéria | Čistiace prostriedky | Univerzálne čistiace prostriedky
1010524;Heureka.cz | Drogerie | Čisticí prostředky | Univerzální čisticí prostředky;Heureka.sk | Drogéria | Čistiace prostriedky | Univerzálne čistiace prostriedky
1010525;Heureka.cz | Drogerie | Čisticí prostředky | Univerzální čisticí prostředky;Heureka.sk | Drogéria | Čistiace prostriedky | Univerzálne čistiace prostriedky
1010526;Heureka.cz | Drogerie | Čisticí prostředky | Univerzální čisticí prostředky;Heureka.sk | Drogéria | Čistiace prostriedky | Univerzálne čistiace prostriedky
1010527;Heureka.cz | Drogerie | Čisticí prostředky | Univerzální čisticí prostředky;Heureka.sk | Drogéria | Čistiace prostriedky | Univerzálne čistiace prostriedky
1010528;Heureka.cz | Drogerie | Čisticí prostředky | Univerzální čisticí prostředky;Heureka.sk | Drogéria | Čistiace prostriedky | Univerzálne čistiace prostriedky
1010551;Heureka.cz | Drogerie | Čisticí prostředky | Univerzální čisticí prostředky;Heureka.sk | Drogéria | Čistiace prostriedky | Univerzálne čistiace prostriedky
1010560;Heureka.cz | Drogerie | Čisticí prostředky | Univerzální čisticí prostředky;Heureka.sk | Drogéria | Čistiace prostriedky | Univerzálne čistiace prostriedky
1010561;Heureka.cz | Drogerie | Čisticí prostředky | Univerzální čisticí prostředky;Heureka.sk | Drogéria | Čistiace prostriedky | Univerzálne čistiace prostriedky
5000011;Heureka.cz | Drogerie | Čisticí prostředky | Univerzální čisticí prostředky;Heureka.sk | Drogéria | Čistiace prostriedky | Univerzálne čistiace prostriedky
5000012;Heureka.cz | Drogerie | Čisticí prostředky | Univerzální čisticí prostředky;Heureka.sk | Drogéria | Čistiace prostriedky | Univerzálne čistiace prostriedky
5000013;Heureka.cz | Drogerie | Čisticí prostředky | Univerzální čisticí prostředky;Heureka.sk | Drogéria | Čistiace prostriedky | Univerzálne čistiace prostriedky
5000020;Heureka.cz | Drogerie | Čisticí prostředky | Univerzální čisticí prostředky;Heureka.sk | Drogéria | Čistiace prostriedky | Univerzálne čistiace prostriedky
1012003;Heureka.cz | Drogerie | Čisticí prostředky | Čistící prostředky na okna a skla;Heureka.sk | Drogéria | Čistiace prostriedky | Čistiace prostriedky na okná a sklá
1012004;Heureka.cz | Drogerie | Čisticí prostředky | Čistící prostředky na okna a skla;Heureka.sk | Drogéria | Čistiace prostriedky | Čistiace prostriedky na okná a sklá
1012005;Heureka.cz | Drogerie | Čisticí prostředky | Čistící prostředky na okna a skla;Heureka.sk | Drogéria | Čistiace prostriedky | Čistiace prostriedky na okná a sklá
1012006;Heureka.cz | Drogerie | Čisticí prostředky | Čistící prostředky na okna a skla;Heureka.sk | Drogéria | Čistiace prostriedky | Čistiace prostriedky na okná a sklá
1012007;Heureka.cz | Drogerie | Čisticí prostředky | Čistící prostředky na okna a skla;Heureka.sk | Drogéria | Čistiace prostriedky | Čistiace prostriedky na okná a sklá
1012008;Heureka.cz | Drogerie | Čisticí prostředky | Čistící prostředky na okna a skla;Heureka.sk | Drogéria | Čistiace prostriedky | Čistiace prostriedky na okná a sklá
1012011;Heureka.cz | Drogerie | Čisticí prostředky | Čistící prostředky na okna a skla;Heureka.sk | Drogéria | Čistiace prostriedky | Čistiace prostriedky na okná a sklá
1012012;Heureka.cz | Drogerie | Čisticí prostředky | Čistící prostředky na okna a skla;Heureka.sk | Drogéria | Čistiace prostriedky | Čistiace prostriedky na okná a sklá
1012013;Heureka.cz | Drogerie | Čisticí prostředky | Čistící prostředky na okna a skla;Heureka.sk | Drogéria | Čistiace prostriedky | Čistiace prostriedky na okná a sklá
1012014;Heureka.cz | Drogerie | Čisticí prostředky | Čistící prostředky na okna a skla;Heureka.sk | Drogéria | Čistiace prostriedky | Čistiace prostriedky na okná a sklá
1012015;Heureka.cz | Drogerie | Čisticí prostředky | Čistící prostředky na okna a skla;Heureka.sk | Drogéria | Čistiace prostriedky | Čistiace prostriedky na okná a sklá
1012016;Heureka.cz | Drogerie | Čisticí prostředky | Čistící prostředky na okna a skla;Heureka.sk | Drogéria | Čistiace prostriedky | Čistiace prostriedky na okná a sklá
1012020;Heureka.cz | Drogerie | Čisticí prostředky | Čistící prostředky na okna a skla;Heureka.sk | Drogéria | Čistiace prostriedky | Čistiace prostriedky na okná a sklá
1012021;Heureka.cz | Drogerie | Čisticí prostředky | Čistící prostředky na okna a skla;Heureka.sk | Drogéria | Čistiace prostriedky | Čistiace prostriedky na okná a sklá
1012030;Heureka.cz | Drogerie | Čisticí prostředky | Čistící prostředky na okna a skla;Heureka.sk | Drogéria | Čistiace prostriedky | Čistiace prostriedky na okná a sklá
1012031;Heureka.cz | Drogerie | Čisticí prostředky | Čistící prostředky na okna a skla;Heureka.sk | Drogéria | Čistiace prostriedky | Čistiace prostriedky na okná a sklá
1012040;Heureka.cz | Drogerie | Čisticí prostředky | Čistící prostředky na okna a skla;Heureka.sk | Drogéria | Čistiace prostriedky | Čistiace prostriedky na okná a sklá
1012041;Heureka.cz | Drogerie | Čisticí prostředky | Čistící prostředky na okna a skla;Heureka.sk | Drogéria | Čistiace prostriedky | Čistiace prostriedky na okná a sklá
1012042;Heureka.cz | Drogerie | Čisticí prostředky | Čistící prostředky na okna a skla;Heureka.sk | Drogéria | Čistiace prostriedky | Čistiace prostriedky na okná a sklá
1013510;Heureka.cz | Drogerie | Čisticí prostředky | Čistící prostředky na nábytek;Heureka.sk | Drogéria | Čistiace prostriedky | Čistiace prostriedky na nábytok
1013511;Heureka.cz | Drogerie | Čisticí prostředky | Leštící prostředky | Leštidla na nábytek a přípravky proti prachu;Heureka.sk | Drogéria | Čistiace prostriedky | Leštiace prostriedky | Leštidlá na nábytok a prípravky proti prachu
2000254;Heureka.cz | Drogerie | Úklidové pomůcky | Drátěnky a houbičky;Heureka.sk | Drogéria | Upratovacie pomôcky | Drôtenky a hubky
5000015;Heureka.cz | Drogerie | Úklidové pomůcky | Hadry a utěrky na mytí;Heureka.sk | Drogéria | Upratovacie pomôcky | Handry a utierky na umývanie
6000001;Heureka.cz | Drogerie | Úklidové pomůcky | Drátěnky a houbičky;Heureka.sk | Drogéria | Upratovacie pomôcky | Drôtenky a hubky
6000002;Heureka.cz | Drogerie | Úklidové pomůcky | Drátěnky a houbičky;Heureka.sk | Drogéria | Upratovacie pomôcky | Drôtenky a hubky
6000003;Heureka.cz | Drogerie | Úklidové pomůcky | Drátěnky a houbičky;Heureka.sk | Drogéria | Upratovacie pomôcky | Drôtenky a hubky
6000004;Heureka.cz | Drogerie | Úklidové pomůcky | Drátěnky a houbičky;Heureka.sk | Drogéria | Upratovacie pomôcky | Drôtenky a hubky
