kod_lakma;kategorie_excel;kod_lakma_full;kod_pl;kod_celni;ean_ks;ean_krt;nazev_zkraceny;objem;zaruka_dny;karton_ks;vrstva_ks;vrstva_krt;vrstva_pocet;paleta_ks;paleta_krt;hmotnost_vyrobek_kg;hmotnost_karton_kg;hmotnost_paleta_kg;rozmer_karton_delka_m;rozmer_karton_hloubka_m;rozmer_karton_vyska_m;vyrobek_delka_cm;vyrobek_hloubka_cm;vyrobek_vyska_cm
1010101;SIDOLUX EXPERT;01010101;121-01-001-0014;3209100000;5902986200038;5902986201110;SDX EXP LESK PVC,LINOLEUM,DLAŽBA 750ml;750ml;1080;10;150;15;4;600;60;0.83;8.3;498.0;0.26;0.232;0.292;11.5;5.15;27
1010104;SIDOLUX EXPERT;01010104;121-01-003-0030;3209100000;5902986204807;5902986204814;SDX EXP LESK PLOVOUCÍ A DŘEVĚNÉ 750ml;750ml;1080;10;150;15;4;600;60;0.83;8.3;498.0;0.26;0.232;0.292;11.5;5.15;27
1010107;SIDOLUX EXPERT;01010107;121-07-001-0007;3405200000;5902986204197;5902986204203;CLEANLUX ODSTRAŇOVAČ VOSKŮ 750ml;750ml;1080;10;150;15;4;600;60;0.83;8.3;498.0;0.26;0.232;0.292;11.5;5.15;27
1010112;SIDOLUX EXPERT;01010112;121-01-001-0017;3209100000;5902986200571;/;SDX EXP LESK PVC,LINO,DLAŽBA 5000ml;5000ml;1080;1;30;30;3;90;90;5.1;5.1;459.0;-;-;-;19;15.5;24
1010136;SIDOLUX PREMIUM FLOOR CARE;01010136;121-01-011-0038;3402909000;5902986240225;590286240232;SDX PFC VINYL,DLAŽBA MARSEILL 750ml;750ml;1080;10;150;15;4;600;60;0.83;8.3;498.0;0.26;0.232;0.292;11.5;5.15;27
1010139;SIDOLUX PREMIUM FLOOR CARE;01010139;121-01-013-0056;3402909000;5902986201646;5902986201653;SDX PFC DŘEVO,LAMINÁT ARGAN  750ml;750ml;1080;10;150;15;4;600;60;0.83;8.3;498.0;0.26;0.232;0.292;11.5;5.15;27
1010142;SIDOLUX PREMIUM FLOOR CARE;01010142;121-01-011-0032;3402909000;5902986247064;5902986247071;SDX PFC VINYL, DLAŽBA YLANG 750ml;750ml;1080;10;150;15;4;600;60;0.83;8.3;498.0;0.26;0.232;0.292;11.5;5.15;27
1010137;SIDOLUX PREMIUM FLOOR CARE;01010137;121-01-013-0073;3402909000;5902986261725;5902986261732;SDX PFC VINYL, DLAŽBA KOKOS 750ml;750ml;1080;10;150;15;4;600;60;0.83;8.3;498.0;0.26;0.232;0.292;11.5;5.15;27
1010143;SIDOLUX PREMIUM FLOOR CARE;01010143;121-01-011-0052;3402909000;5902986292873;5902986292880;SDX PFC VINYL,DLAŽBA MARSEILL+LEV 750ml;750ml;1080;10;150;15;4;600;60;0.83;8.3;498.0;0.26;0.232;0.292;11.5;5.15;27
1010150;SIDOLUX PREMIUM FLOOR CARE;01010150;121-01-013-0067;3402209000;5902986222023;5902986222030;SDX PFC VINYL,DLAŽBA POMERANČ 1000ml;1000ml;1080;10;120;12;4;480;48;1.1;13.2;633.6;0.26;0.24;0.295;12.5;5.5;29.1
1010151;SIDOLUX PREMIUM FLOOR CARE;01010151;121-01-013-0069;3402209000;5902986222061;5902986222078;SDX PFC VINYL,DLAŽBA ARGAN 1000ml;1000ml;1080;10;120;12;4;480;48;1.1;13.2;633.6;0.26;0.24;0.295;12.5;5.5;29.1
1010154;SIDOLUX PREMIUM FLOOR CARE;01010154;121-01-011-0034;3402209000;5902986222108;5902986222115;SDX PFC VINYL, DLAŽBA YLANG 1000ml;1000ml;1080;10;120;12;4;480;48;1.1;13.2;633.6;0.26;0.24;0.295;12.5;5.5;29.1
1010160;SIDOLUX PREMIUM FLOOR CARE;01010160;121-01-011-0035;3402209000;5902986261749;5902986261756;SDX PFC VINYL,DLAŽBA KOKOS 1000ml;1000ml;1080;10;120;12;4;480;48;1.1;13.2;633.6;0.26;0.24;0.295;12.5;5.5;29.1
1010161;SIDOLUX PREMIUM FLOOR CARE;01010161;121-01-011-0039;3402209000;5902986240249;5902986240256;SDX PFC VINYL, DLAŽBA MARSEILL 1000ml;1000ml;1080;10;120;12;4;480;48;1.1;13.2;633.6;0.26;0.24;0.295;12.5;5.5;29.1
1010170;SIDOLUX PREMIUM FLOOR CARE;01010170;121-01-011-0058;340250900;5902986218293;5902986218309;SDX EXPERT, VINYL,DLAŽBA MARSEILL 750ml;750ml;1080;10;150;15;4;600;60;0.83;8.3;498.0;0.26;0.232;0.292;11.5;5.15;27
1010171;SIDOLUX PREMIUM FLOOR CARE;01010171;121-01-011-0059;340250900;5902986218316;5902986218323;SDX EXPERT, VINYL,DLAŽBA MARSEILL+LEV 750ml;750ml;1080;10;150;15;4;600;60;0.83;8.3;498.0;0.26;0.232;0.292;11.5;5.15;27
1010172;SIDOLUX PREMIUM FLOOR CARE;01010172;121-01-011-0057;340250900;5902986218279;5902986218286;SDX EXPERT, VINYL,DLAŽBA YLANG 750ml;750ml;1080;10;150;15;4;600;60;0.83;8.3;498.0;0.26;0.232;0.292;11.5;5.15;27
1010173;SIDOLUX PREMIUM FLOOR CARE;01010173;121-01-012-0056;340250900;5902986218354;5902986218361;SDX EXPERT, VINYL,DLAŽBA ARGAN 750ml;750ml;1080;10;150;15;4;600;60;0.83;8.3;498.0;0.26;0.232;0.292;11.5;5.15;27
1010174;SIDOLUX PREMIUM FLOOR CARE;01010174;121-01-012-0055;340250900;5902986218330;5902986218347;SDX EXPERT, VINYL,DLAŽBA POMERANČ 750ml;750ml;1080;10;150;15;4;600;60;0.83;8.3;498.0;0.26;0.232;0.292;11.5;5.15;27
1010180;SIDOLUX PREMIUM FLOOR CARE;01010180;121-01-012-0057;340250900;5902986218507;/;SDX EXPERT, DŘEVO,LAMINÁT ARGAN 5000ml;5000ml;1080;1;33;33;3;99;99;5.1;5.1;504.9;-;-;-;19;15.5;24
1010156;SIDOLUX PREMIUM FLOOR CARE;01010156;121-01-012-0033;3402209000;5902986210372;/;SDX PFC DŘEVO,LAMINÁT ARGAN  5000ml;5000ml;1080;1;30;30;3;90;90;5.1;5.1;459.0;-;-;-;19;15.5;24
1010166;SIDOLUX PREMIUM FLOOR CARE;01010166;121-01-021-0403;3402209000;5902986212994;/;SDX PFC VINYL, DLAŽBA MARSEILL 5000ml;5000ml;1080;1;30;30;3;90;90;5.1;5.1;459.0;-;-;-;19;15.5;24
1010159;SIDOLUX PREMIUM FLOOR CARE;01010159;121-01-011-0033;3402209000;5902986210396;/;SDX PFC VINYL, DLAŽBA YLANG 5000ml;5000ml;1080;1;30;30;3;90;90;5.1;5.1;459.0;-;-;-;19;15.5;24
1010501;SIDOLUX UNIVERSAL;01010501;121-01-021-0118;3402909000;5902986203541;5902986205606;SDX UNIVERSAL MARSEILL 1000ml;1000ml;1080;12;120;10;4;480;40;1.1;13.2;528;0.375;0.235;0.28;12;6;27.5
1010502;SIDOLUX UNIVERSAL;01010502;121-01-021-0116;3402909000;5902986203565;5902986205613;SDX UNIVERSAL FRESH LEMON 1000ml;1000ml;1080;12;120;10;4;480;40;1.1;13.2;528;0.375;0.235;0.28;12;6;27.5
1010504;SIDOLUX UNIVERSAL;01010504;121-01-021-0236;3402909000;5902986208072;5902986208089;SDX UNIVERSAL LILLY OF THE VALLEY 1000ml;1000ml;1080;12;120;10;4;480;40;1.1;13.2;528;0.375;0.235;0.28;12;6;27.5
1010506;SIDOLUX UNIVERSAL;01010506;121-01-021-0156;3402909000;5902986204449;5902986204456;SDX UNIVERSAL BLUE FLOWER 1000ml;1000ml;1080;12;120;10;4;480;40;1.1;13.2;528;0.375;0.235;0.28;12;6;27.5
1010507;SIDOLUX UNIVERSAL;01010507;121-01-021-0372;3402909000;5902986292811;5902986292828;SDX UNIVERSAL MARSEILL+LEV 1000ml;1000ml;1080;12;120;10;4;480;40;1.1;13.2;528;0.375;0.235;0.28;12;6;27.5
1010509;SIDOLUX UNIVERSAL;01010509;121-01-021-0179;3402909000;5902986204067;5902986204074;SDX UNIVERSAL GREEN GRAPES 1000ml;1000ml;1080;12;120;10;4;480;40;1.1;13.2;528;0.375;0.235;0.28;12;6;27.5
1010511;SIDOLUX UNIVERSAL;01010511;121-01-021-0210;3402909000;5902986207198;5902986207204;SDX UNIVERSAL PINK CREAM 1000ml;1000ml;1080;12;120;10;4;480;40;1.1;13.2;528;0.375;0.235;0.28;12;6;27.5
1010525;SIDOLUX UNIVERSAL;01010525;121-01-021-0134;3402909000;5902986201424;5902986201431;SDX UNIVERSAL JAPANESE CHERRY 1000ml;1000ml;1080;12;120;10;4;480;40;1.1;13.2;528;0.375;0.235;0.28;12;6;27.5
1010520;SIDOLUX UNIVERSAL;01010520;121-01-021-0427;3402909000;5902986215162;5902986215179;SDX UNIVERSAL BALTIC AMBER 1000ml;1000ml;1080;12;120;10;4;480;40;1.1;13.2;528;0.375;0.235;0.28;12;6;27.5
1010521;SIDOLUX UNIVERSAL;01010521;121-01-021-0426;3402909000;5902986215148;5902986215155;SDX UNIVERSAL FLAX BLOSSOM 1000ml;1000ml;1080;12;120;10;4;480;40;1.1;13.2;528;0.375;0.235;0.28;12;6;27.5
1010522;SIDOLUX UNIVERSAL;01010522;121-01-021-0429;3402909000;5902986215209;5902986215216;SDX UNIVERSAL LEMONGRASS 1000ml;1000ml;1080;12;120;10;4;480;40;1.1;13.2;528;0.375;0.235;0.28;12;6;27.5
1010523;SIDOLUX UNIVERSAL;01010523;121-01-021-0428;3402909000;5902986215186;5902986215193;SDX UNIVERSAL GREEN TEA+CHERRY 1000ml;1000ml;1080;12;120;10;4;480;40;1.1;13.2;528;0.375;0.235;0.28;12;6;27.5
1010524;SIDOLUX UNIVERSAL;01010524;121-01-021-0430;3402909000;5902986215551;5902986215568;SDX UNIVERSAL COTTON WITH PEONY 1000ml;1000ml;1080;12;120;10;4;480;40;1.1;13.2;528;0.375;0.235;0.28;12;6;27.5
1010519;SIDOLUX UNIVERSAL;01010519;121-01-021-0251;3402909000;5907542750866;5907542750873;SDX UNIVERSAL WINTER TIME 1000ml;1000ml;1080;12;120;10;4;480;40;1.1;13.2;528;0.375;0.235;0.28;12;6;27.5
1010503;SIDOLUX UNIVERSAL;01010503;121-01-021-0446;3402909000;5902986217333;5902986217340;SDX UNIVERSAL SUMMER TIME 1000ml;1000ml;1080;12;120;10;4;480;40;1.1;13.2;528;0.375;0.235;0.28;12;6;27.5
1010505;SIDOLUX UNIVERSAL;01010505;121-01-021-0447;3402909000;5902986217357;5902986217364;SDX UNIVERSAL MAGNOLIA 1000ml;1000ml;1080;12;120;10;4;480;40;1.1;13.2;528;0.375;0.235;0.28;12;6;27.5
1010508;SIDOLUX UNIVERSAL;01010508;121-01-021-0449;3402909000;5902986217395;5902986217401;SDX UNIVERSAL ORANGE 1000ml;1000ml;1080;12;120;10;4;480;40;1.1;13.2;528;0.375;0.235;0.28;12;6;27.5
1010510;SIDOLUX UNIVERSAL;01010510;121-01-021-0448;3402909000;5902986217371;5902986217388;SDX UNIVERSAL MAGIC NIGHT 1000ml;1000ml;1080;12;120;10;4;480;40;1.1;13.2;528;0.375;0.235;0.28;12;6;27.5
1010526;SIDOLUX UNIVERSAL;01010526;121-01-021-0458;3402909000;5902986217920;5902986217937;SDX UNIVERSAL WINTER MAGIC 1000ml;1000ml;1080;12;120;10;4;480;40;1.1;13.2;528;0.375;0.235;0.28;12;6;27.5
1010528;SIDOLUX UNIVERSAL;01010528;121-01-021-0440;3402909000;5902986216275;5902986216282;SDX UNIVERSAL ARGAN MARSEILL 1000ml;1000ml;1080;12;120;10;4;480;40;1.1;13.2;528;0.375;0.235;0.28;12;6;27.5
1010551;SIDOLUX UNIVERSAL;01010551;121-99-001-0096;3402909000;5902986216251;5902986216251;SDX UNIVERSAL MIX KARTON LIDL;1000ml;1080;10;100;10;5;500;50;1.1;12.5;625;0.33;0.25;0.29;12;6;27.5
1010517;SIDOLUX UNIVERSAL;01010517;131-01-021-0009;3402909000;5902986209802;/;SDX UNIVERSAL BLUE FLOWER 5000ml;5000ml;1080;1;33;33;3;99;99;5.1;5.1;504.9;-;-;-;19;15.5;24
1010513;SIDOLUX UNIVERSAL;01010513;131-01-021-0004;3402909000;5902986205286;/;SDX UNIVERSAL MARSEILL 5000ml;5000ml;1080;1;33;33;3;99;99;5.1;5.1;504.9;-;-;-;19;15.5;24
1010527;SIDOLUX UNIVERSAL;01010527;131-01-021-0005;3402909000;5902986200595;/;SDX UNIVERSAL JAPANESE CHERRY 5000ml;5000ml;1080;1;33;33;3;99;99;5.1;5.1;504.9;-;-;-;19;15.5;24
1010512;SIDOLUX UNIVERSAL;01010512;131-01-021-0008;3402909000;5907542749907;/;SDX UNIVERSAL FRESH LEMON 5000ml;5000ml;1080;1;33;33;3;99;99;5.1;5.1;504.9;-;-;-;19;15.5;24
1010514;SIDOLUX UNIVERSAL;01010514;131-01-021-0007;3402909000;5902986204302;/;SDX UNIVERSAL GREEN GRAPES 5000ml;5000ml;1080;1;33;33;3;99;99;5.1;5.1;504.9;-;-;-;19;15.5;24
1010518;SIDOLUX UNIVERSAL;01010518;131-01-021-0022;3402909000;5902986216145;/;SDX UNIVERSAL COTTON WITH PEONY 5000ml;5000ml;1080;1;33;33;3;99;99;5.1;5.1;504.9;-;-;-;19;15.5;24
1010515;SIDOLUX UNIVERSAL;01010515;131-01-021-0023;3402909000;5902986217623;/;SDX UNIVERSAL MARSEILL+LEV 5000ml;5000ml;1080;1;33;33;3;99;99;5.1;5.1;504.9;-;-;-;19;15.5;24
1010560;SIDOLUX UNIVERSAL;01010560;131-01-021-0014;3402909000;5902986213236;/;SDX UNIVERSAL MARSEILL 10000ml;10000ml;1080;1;20;20;2;40;40;10.432;10.432;417.28;-;-;-;23;18.5;31.5
1010561;SIDOLUX UNIVERSAL;01010561;131-01-021-0015;3402909000;5902986213243;/;SDX UNIVERSAL MARSEILL 20000ml;20000ml;1080;1;12;12;2;24;24;20.968;20.968;503.232;-;-;-;29;25.5;36
1011002;SIDOLUX EXPERT venkovní použití;01011002;121-01-004-0019;3209100000;5902986210792;5902986210808;SDX LESK VENKOVNÍ KÁMEN,DLAŽBA 750ml;750ml;1080;10;150;15;4;600;60;0.83;8.3;498.0;0.26;0.232;0.276;11.5;5.15;27
1011003;SIDOLUX EXPERT venkovní použití;01011003;131-01-041-0013;3402909000;5902986261060;5902986261077;SDX DUOPACK NÁHROBNÍ KÁMEN 330+250 ml;330+250;1080;6;120;20;5;600;100;0.6;3.6;360;0.25;0.15;0.16;15;4;16
1011004;SIDOLUX EXPERT venkovní použití;01011004;121-01-004-0005;3209100000;5902986202025;/;SDX LESK VENKOVNÍ KÁMEN,DLAŽBA 5000ml;5000ml;1080;1;30;30;3;90;90;5.1;5.1;459.0;-;-;-;19;15.5;24
1011501;SIDOLUX M péče o nábytku;01011501;121-01-033-0028;3405200000;5902986261107;5902986261114;SDX M RENOVACE MLÉKO MANDLE 300ml;300ml;1080;15;240;16;5;1200;80;0.4;6;480;0.24;0.16;0.19;8;4;18.5
1011517;SIDOLUX M péče o nábytku;01011517;121-01-032-0066;3405200000;5902986216176;5902986216183;SDX NÁBYTEK JAPANESE CHERRY 400ml;400ml;1080;10;150;15;4;600;60;0.555;5.55;333;0.265;0.225;0.275;11;5.2;25.5
1011508;SIDOLUX M péče o nábytku;01011508;121-01-032-0048;3405200000;5902986201905;5902986201912;SDX NÁBYTEK MARSEILL-CLASSIC 400ml;400ml;1080;10;150;15;4;600;60;0.555;5.55;333;0.265;0.225;0.275;11;5.2;25.5
1011509;SIDOLUX M péče o nábytku;01011509;121-01-032-0049;3405200000;5902986222207;5902986222214;SDX NÁBYTEK PEPPER&CARDAMON 400ml;400ml;1080;10;150;15;4;600;60;0.555;5.55;333;0.265;0.225;0.275;11;5.2;25.5
1011510;SIDOLUX M péče o nábytku;01011510;121-01-032-0060;3405200000;5902986210068;5902986210075;SDX NÁBYTEK MAGNOLIA 400ml;400ml;1080;10;150;15;4;600;60;0.555;5.55;333;0.265;0.225;0.275;11;5.2;25.5
1011512;SIDOLUX M péče o nábytku;01011512;121-01-032-0058;3405200000;5902986207310;5902986207327;SDX NÁBYTEK ALOE 400ml;400ml;1080;10;150;15;4;600;60;0.555;5.55;333;0.265;0.225;0.275;11;5.2;25.5
1011515;SIDOLUX M péče o nábytku;01011515;121-01-032-0053;3405200000;5902986292514;5902986292521;SDX NÁBYTEK BALTIC AMBER 400ml;400ml;1080;10;150;15;4;600;60;0.555;5.55;333;0.265;0.225;0.275;11;5.2;25.5
1011516;SIDOLUX M péče o nábytku;01011516;121-01-032-0062;3405200000;5902986292859;5902986292866;SDX NÁBYTEK MARSEILL+LEVANDULE 400ml;400ml;1080;10;150;15;4;600;60;0.555;5.55;333;0.265;0.225;0.275;11;5.2;25.5
1011511;SIDOLUX M péče o nábytku;01011511;121-01-032-0059;3405200000;5902986212062;5902986212079;SDX NÁBYTEK DŘEVO MANDLE 400ml;400ml;1080;10;150;15;4;600;60;0.555;5.55;333;0.265;0.225;0.275;11;5.2;25.5
1011502;SIDOLUX M péče o nábytku;01011502;121-01-031-0198;3402509000;5902986212260;5902986212277;SDX NÁBYTEK SPREJ ALOE 350ml;350ml;1080;15;240;16;4;960;64;0.43;6.445;412.48;0.29;0.19;0.26;5.5;5.5;25
1011503;SIDOLUX M péče o nábytku;01011503;121-01-031-0199;3402509000;5902986212284;5902986212291;SDX NÁBYTEK DŘEVO SPREJ MANDLE 350ml;350ml;1080;15;240;16;4;960;64;0.43;6.445;412.48;0.29;0.19;0.26;5.5;5.5;25
1011518;SIDOLUX M péče o nábytku;01011518;121-01-033-0004;3405200000;5902986204609;5902986204593;SDX RYCHLOČISTIČ KŮŽE 200ml;200ml;1080;16;272;17;6;1632;102;0.247;3.95;402.9;0.36;0.14;0.21;6.8;4.3;19.3
1011901;SIDOLUX PROFFESIONAL;01011901;121-01-061-0009;3402909000;5902986201462;5902986201479;SDX PROFESSIONAL LCD 200ml;200ml;1080;16;272;17;6;1632;102;0.247;3.95;402.9;0.36;0.14;0.21;6.8;4.3;19.3
1011908;SIDOLUX PROFFESIONAL;01011908;131-01-061-0090;3402909000;5902986208003;5902986208010;SDX PROFESSIONAL DVOUFÁZOVÝ 500ml;500ml;1080;10;150;15;4;600;60;0.555;5.55;333;0.265;0.225;0.28;10.5;5.2;26
1011909;SIDOLUX PROFFESIONAL;01011909;121-01-061-0042;3402909000;5902986208027;5902986208034;SDX PROFESSIONAL KUCHYNĚ 500ml;500ml;1080;10;150;15;4;600;60;0.555;5.55;333;0.265;0.225;0.28;10.5;5.2;26
1011910;SIDOLUX PROFFESIONAL;01011910;121-01-061-0041;3402909000;5902986208041;5902986208058;SDX PROFESSIONAL KOUPELNY 500ml;500ml;1080;10;150;15;4;600;60;0.555;5.55;333;0.265;0.225;0.28;10.5;5.2;26
1011903;SIDOLUX PROFFESIONAL;01011903;121-01-061-0039;3402909000;5902986244810;5902986244827;SDX PROFESSIONAL KUCHYNĚ DOYPACK 500ml;500ml;1080;14;196;14;5;980;70;0.531;7.43;520.1;0.27;0.23;0.24;13;6.4;22.8
1011904;SIDOLUX PROFFESIONAL;01011904;121-01-061-0038;3402909000;5902986244919;5902986244926;SDX PROFESSIONAL KOUPELNY DOYPACK M+L 500ml;500ml;1080;14;196;14;5;980;70;0.531;7.43;520.1;0.27;0.23;0.24;13;6.4;22.8
1011912;SIDOLUX PROFFESIONAL;01011912;131-01-061-0127;3402909000;5902986245190;5902986245206;SDX PROFESSIONAL KUCHYNĚ 500+250ml;750ml;1080;10;110;11;4;440;44;0.816;8.16;359.04;0.345;0.22;0.285;10.8;6.8;28
1011913;SIDOLUX PROFFESIONAL;01011913;131-01-061-0126;3402909000;5902986245114;5902986245183;SDX PROFESSIONAL KOUPELNY 500+250ml;750ml;1080;10;110;11;4;440;44;0.816;8.16;359.04;0.345;0.22;0.285;10.8;6.8;28
1011915;SIDOLUX PROFFESIONAL;01011915;131-01-061-0130;3402909000;5902986271069;5902986271076;SDX PROFESSIONAL PŘIPÁLENINY 500ml;500ml;1080;12;180;15;4;720;60;0.555;6.72;403.2;0.275;0.21;0.275;10.8;6.8;26.5
1011916;SIDOLUX PROFFESIONAL;01011916;131-01-061-0129;3402909000;5902986244117;5902986244124;SDX PROFESSIONAL ČISTIČ ODPADŮ 1000ml;1000ml;720;9;126;14;4;504;56;1.1;9.9;554.4;0.32;0.18;0.29;10;5;28
1011919;SIDOLUX PROFFESIONAL;01011919;121-01-061-0040;3402909000;5902986292835;5902986294842;SDX PROFESSIONAL KOUPELNY LEVAND 500ml;500ml;1080;10;150;15;4;600;60;0.555;5.55;333;0.265;0.225;0.28;10.5;5.2;26
1012011;SIDOLUX WINDOW;01012011;121-01-051-0062;3402909000;5902986223303;5902986223310;SDX OKNA&ZRCADLA LEMON 500ml;500ml;1080;10;150;15;4;600;60;0.555;5.55;333;0.265;0.225;0.28;10.5;5.2;26
1012012;SIDOLUX WINDOW;01012012;121-01-051-0060;3402909000;5902986223327;5902986223334;SDX OKNA&ZRCADLA ARCTIC 500ml;500ml;1080;10;150;15;4;600;60;0.555;5.55;333;0.265;0.225;0.28;10.5;5.2;26
1012013;SIDOLUX WINDOW;01012013;121-01-051-0061;3402909000;5902986223280;5902986223297;SDX WINDOW FLOWER 500ml;500ml;1080;10;150;15;4;600;60;0.555;5.55;333;0.265;0.225;0.28;10.5;5.2;26
1012014;SIDOLUX WINDOW;01012014;121-01-051-0059;3402909000;5902986230059;5902986230066;SDX OKNA&ZRCADLA ANTI FOG 500ml;500ml;1080;10;150;15;4;600;60;0.555;5.55;333;0.265;0.225;0.28;10.5;5.2;26
1012015;SIDOLUX WINDOW;01012015;121-01-051-0212;3402909000;5902986292897;5902986292903;SDX OKNA&ZRCADLA MARSEILL+LEV 500ml;500ml;1080;10;150;15;4;600;60;0.555;5.55;333;0.265;0.225;0.28;10.5;5.2;26
1012008;SIDOLUX WINDOW;01012008;121-01-051-0225;3402909000;5902986211386;5902986211393;SDX OKNA&ZRCADLA JAPANESE CHERRY 500ml;500ml;1080;10;150;15;4;600;60;0.555;5.55;333;0.265;0.225;0.28;10.5;5.2;26
1012016;SIDOLUX WINDOW;01012016;121-01-051-0224;3402909000;5902986211065;5902986211072;SDX OKNA&ZRCADLA LEMONGRASS 500ml;500ml;1080;10;150;15;4;600;60;0.555;5.55;333;0.265;0.225;0.28;10.5;5.2;26
1012004;SIDOLUX WINDOW;01012004;131-01-051-0072;3402909000;5902986203978;5902986203985;SDX OKNA&ZRCADLA LEMON 750ml;750ml;1080;10;110;11;4;440;44;0.816;8.16;359.04;0.345;0.22;0.285;10.8;6.8;28
1012005;SIDOLUX WINDOW;01012005;131-01-051-0076;3402909000;5902986203954;5902986203961;SDX OKNA&ZRCADLA ARCTIC 750ml;750ml;1080;10;110;11;4;440;44;0.816;8.16;359.04;0.345;0.22;0.285;10.8;6.8;28
1012006;SIDOLUX WINDOW;01012006;131-01-051-0078;3402909000;5902986203992;5902986204005;SDX WINDOW FLOWER 750ml;750ml;1080;10;110;11;4;440;44;0.816;8.16;359.04;0.345;0.22;0.285;10.8;6.8;28
1012007;SIDOLUX WINDOW;01012007;131-01-051-0079;3402909000;5902986245213;5902986245220;SDX WINDOW ANTI FOG 750ml;750ml;1080;10;110;11;4;440;44;0.816;8.16;359.04;0.345;0.22;0.285;10.8;6.8;28
1012003;SIDOLUX WINDOW;01012003;131-01-051-0080;3402909000;5902986212215;5902986212222;SDX OKNA&ZRCADLA JAPANESE CHERRY 750ml;750ml;1080;10;110;11;4;440;44;0.816;8.16;359.04;0.345;0.22;0.285;10.8;6.8;28
1012040;SIDOLUX WINDOW;01012040;121-01-051-0185;34025090;5902986244933;5902986245008;SDX OKNA&ZRCADLA ARCTIC DOYPACK 500ml;500ml;1080;14;196;14;5;980;70;0.531;7.43;520.1;0.27;0.23;0.24;13;6.4;22.8
1012041;SIDOLUX WINDOW;01012041;121-01-051-0187;34025090;5902986245091;5902986245107;SDX OKNA&ZRCADLA MARSEILL+LEV DOYPACK 500ml;500ml;1080;14;196;14;5;980;70;0.531;7.43;520.1;0.27;0.23;0.24;13;6.4;22.8
1012042;SIDOLUX WINDOW;01012042;121-01-051-0267;34025090;5902986216763;5902986216770;SDX OKNA&ZRCADLA J. CHERRY DOYPACK 500ml;500ml;1080;14;196;14;5;980;70;0.531;7.43;520.1;0.27;0.23;0.24;13;6.4;22.8
1012020;SIDOLUX WINDOW;01012020;121-01-051-0147;3402909000;5902986233036;/;SDX OKNA&ZRCADLA LEMON 5000ml;5000ml;1080;1;33;33;3;99;99;5.1;5.1;504.9;-;-;-;19;15.5;24
1012021;SIDOLUX WINDOW;01012021;121-01-051-0146;3402909000;5902986233029;/;SDX OKNA&ZRCADLA ARCTIC 5000ml;5000ml;1080;1;33;33;3;99;99;5.1;5.1;504.9;-;-;-;19;15.5;24
1012030;SIDOLUX WINDOW;01012030;121-01-075-0006;34025090;5902986214127;5902986214134;SDX OKNA&RÁMY MARSEILL+LAVEN 1000ml;1000ml;1080;10;120;12;4;480;48;1.05;10.55;506.4;0.385;0.195;0.27;9.4;7.6;26
1012031;SIDOLUX WINDOW;01012031;121-01-075-0005;34025090;5902986213533;5902986213540;SDX OKNA&RÁMY YLANG 1000ml;1000ml;1080;10;120;12;4;480;48;1.05;10.55;506.4;0.385;0.195;0.27;9.4;7.6;26
1012504;MR.TEPPICH prostředky na čištění koberců a čalounění;01012504;121-02-003-0015;34025090;5902986204784;5902986204791;MR.TEPPICH ODSTRAŇOVAČ SKVRN 500ml;500ml;1080;10;150;15;4;600;60;0.56;5.6;336;26.5;23;28;11.5;4.5;27
1012506;MR.TEPPICH prostředky na čištění koberců a čalounění;01012506;121-02-002-0024;34025090;5902986223136;5902986223143;MR.TEPPICH SUCHÁ PĚNA MOŘE 600ml;600ml;1080;12;192;16;3;576;48;0.683;8.2;393.6;0.285;0.2;0.3;6.5;6.5;30
1012507;MR.TEPPICH prostředky na čištění koberců a čalounění;01012507;121-02-002-0025;34025090;5902986223112;5902986223129;MR.TEPPICH SUCHÁ PĚNA KVĚT 600ml;600ml;1080;12;192;16;3;576;48;0.683;8.2;393.6;0.285;0.2;0.3;6.5;6.5;30
1013614;PERLUX PRACÍ KAPSLE;01013614;121-10-001-0320;34025090;5902986211201;5902986211218;SDX MULTICAPS WHITE 10ks;10ks;1080;12;72;6;7;504;42;0.34;4.08;171.36;0.4;0.31;0.195;19.5;9.5;9.5
1013615;PERLUX PRACÍ KAPSLE;01013615;121-10-001-0319;34025090;5902986211225;5902986211232;SDX MULTICAPS COLOR 10ks;10ks;1080;12;72;6;7;504;42;0.34;4.08;171.36;0.4;0.31;0.195;19.5;9.5;9.5
1013617;PERLUX PRACÍ KAPSLE;01013617;121-10-001-0358;34025090;5902986215254;5902986215261;SDX MULTICAPS COLOR 10ks pell-off;10ks;1080;12;72;6;7;504;42;0.34;4.08;171.36;0.4;0.31;0.195;19.5;9.5;9.5
1013616;PERLUX PRACÍ KAPSLE;01013616;121-10-001-0321;34025090;5902986211249;5902986211256;SDX MULTICAPS BLACK 10ks;10ks;1080;12;72;6;7;504;42;0.34;4.08;171.36;0.4;0.31;0.195;19.5;9.5;9.5
1013623;PERLUX PRACÍ KAPSLE;01013623;121-10-001-0380;34025090;5902986216534;5902986216541;SDX MULTICAPS WHITE DOYPACK 10ks;10ks;1080;12;72;6;6;432;36;0.24;3.29;118.44;0.368;0.325;0.22;18;7;22
1013624;PERLUX PRACÍ KAPSLE;01013624;121-10-001-0381;34025090;5902986216558;5902986216565;SDX MULTICAPS COLOR DOYPACK 10ks;10ks;1080;12;72;6;6;432;36;0.24;3.29;118.44;0.368;0.325;0.22;18;7;22
1013625;PERLUX PRACÍ KAPSLE;01013625;121-10-001-0382;34025090;5902986216572;5902986216589;SDX MULTICAPS BLACK DOYPACK 10ks;10ks;1080;12;72;6;6;432;36;0.24;3.29;118.44;0.368;0.325;0.22;18;7;22
1013618;PERLUX PRACÍ KAPSLE;01013618;121-10-001-0358;34025090;5902986214349;5902986214356;SDX MULTICAPS WHITE 30ks;30ks;1080;16;96;6;4;384;24;0.71;12.6;302.4;0.4;0.34;0.284;19.8;10;14
1013619;PERLUX PRACÍ KAPSLE;01013619;121-10-001-0359;34025090;5902986214363;5902986214370;SDX MULTICAPS COLOR 30ks;30ks;1080;16;96;6;4;384;24;0.71;12.6;302.4;0.4;0.34;0.284;19.8;10;14
1013620;PERLUX PRACÍ KAPSLE;01013620;121-10-001-0360;34025090;5902986214387;5902986214394;SDX MULTICAPS BLACK  30ks;30ks;1080;16;96;6;4;384;24;0.71;12.6;302.4;0.4;0.34;0.284;19.8;10;14
1013610;PERLUX PRACÍ KAPSLE;01013610;121-10-001-0136;34025090;5907542746180;5907542746197;PERLUX SUPER COMPACT WHITE 32ks;32ks;1080;10;60;6;6;360;36;0.776;7.76;279.36;0.395;0.39;0.23;23.5;10;28.5
1013611;PERLUX PRACÍ KAPSLE;01013611;121-10-001-0137;34025090;5907542746203;5907542746210;PERLUX SUPER COMPACT COLOR 32ks;32ks;1080;10;60;6;6;360;36;0.776;7.76;279.36;0.395;0.39;0.23;23.5;10;28.5
1013804;PERLUX PERFUME AVIVÁŽE;01013804;131-10-000-0045;34025090;5907542746326;5907542746333;PERLUX AVIVÁŽ ELEGANCE 1000ml;1000ml;720;10;100;10;4;400;40;1.265;12.65;506;0.34;0.25;0.3;12.6;6.9;28.5
1013805;PERLUX PERFUME AVIVÁŽE;01013805;131-10-000-0046;34025090;5907542746340;5907542746357;PERLUX AVIVÁŽ GLAMOURE 1000ml;1000ml;720;10;100;10;4;400;40;1.265;12.65;506;0.34;0.25;0.3;12.6;6.9;28.5
1013806;PERLUX PERFUME AVIVÁŽE;01013806;131-10-000-0047;34025090;5907542746302;5907542746319;PERLUX AVIVÁŽ PASSION 1000ml;1000ml;720;10;100;10;4;400;40;1.265;12.65;506;0.34;0.25;0.3;12.6;6.9;28.5
1013612;SIDOLUX POWER GEL;01013612;131-10-003-0011;34025090;5902986291111;5902986291128;SDX POWER GEL WHITE 1,92l;1920ml;1080;4;56;14;4;224;56;2.09;8.4;470.4;0.54;0.16;0.34;16;7;33
1013613;SIDOLUX POWER GEL;01013613;131-10-003-0012;34025090;5902986291098;5902986291104;SDX POWER GEL COLOR 1,92l;1920ml;1080;4;56;14;4;224;56;2.09;8.4;470.4;0.54;0.16;0.34;16;7;33
1013602;SIDOLUX ODSTRAŇOVAČ SKVRN;01013602;121-01-075-0001;3402509000;5902986214769;5902986214776;SDX ODSTRAŇOVAČ SKVRN KARTÁČEK 250ml;250ml;1080;15;300;20;5;1500;100;0.289;4.34;434;0.24;0.18;0.206;4.7;5.8;20
1013601;SIDOLUX ODSTRAŇOVAČ SKVRN;01013601;121-01-075-0008;32091000;5902986213113;5902986213120;SDX ODSTRAŇOVAČ SKVRN 500ml;500ml;1080;10;150;15;4;600;60;0.56;5.9;354;0.265;0.225;0.28;10.5;5.2;26
1013603;SIDOLUX LOUNDRY ADDITIVE;01013603;121-01-075-0007;32091000;5902986214783;5902986214790;SDX LOUNDRY ADDITIVE 3v1 1000ml;1000ml;1080;10;90;9;5;450;45;1;10.67;480.15;0.284;0.247;0.255;12.4;7.5;24.1
1013502;SILUX WC;01013502;131-06-005-0021;3402909000;5907542740782;5907542740799;SILUX WC GEL REZ A KÁMEN LEMON 1000ml;1000ml;1080;8;128;16;4;512;64;1.087;8.7;556.8;0.17;0.26;0.31;9.5;7;30.5
1013505;SILUX WC;01013505;131-06-005-0073;3402909000;5902986212086;5902986212093;SILUX WC GEL DVOJITÁ SÍLA 750ml;750ml;1080;8;152;19;4;608;76;0.86;6.88;522.88;0.24;0.19;0.3;6.1;9.3;29
1013506;SILUX WC;01013506;131-06-005-0074;3402909000;5902986212116;5902986212109;SILUX WC GEL REZ A KÁMEN LESNÍ 750ml;750ml;1080;8;152;19;4;608;76;0.86;6.88;522.88;0.24;0.19;0.3;6.1;9.3;29
6000004;SILUX HOUBIČKY;06000004;;39249000;5908259897400;;SILUX HOUBIČKY 10ks;10ks;;40;240;6;7;1680;42;0.034;1.496;62.832;0.48;0.4;0.19;24;8;4.7
2000254;SILUX HOUBIČKY;02000254;;34011900;;;MELAMINOVÁ HOUBIČKA BÍLÁ 1ks;1ks;;300;1200;4;7;8400;28;0.005;1.5;42;0.6;0.4;0.26;10.5;6.2;2.5
6000003;SILUX HOUBIČKY;06000003;;39249000;5908259897448;5908259897455;SILUX HOUBIČKY KYTIČKY 4KS+PŘÍSAVKA;4ks;;24;192;8;8;1536;64;0.039;1.215;77.76;0.395;0.3;0.23;18;9;5
6000002;SILUX HOUBIČKY;06000002;;39249000;5908259897424;5908259897431;SILUX HOUBIČKY JABLÍČKA 4ks+PŘÍSAVKA;4ks;;24;192;8;8;1536;64;0.039;1.215;77.76;0.395;0.3;0.23;18;9;5
6000001;SILUX HOUBIČKY;06000001;;39249000;;5908259897455;SILUX HOUBIČKY MIX JABL/KYT 4ks+PŘÍSAVKA;4ks;;24;192;8;8;1536;64;0.039;1.215;77.76;0.395;0.3;0.23;18;9;5
1015000;SIDOLUX ECO;01015000;131-01-072-0011;34025090;5902986211263;5902986211270;SDX ECO PODLAHY 1000ml;1000ml;1080;8;96;12;5;480;60;1.1;9;540;0.33;0.275;0.265;8;8;25
1015001;SIDOLUX ECO;01015001;131-01-072-0012;34025090;5902986211287;5902986211294;SDX ECO UNIVERZÁLNÍ ČISTIČ POVRCHŮ 500ml;500ml;1080;8;160;20;5;800;100;0.56;4.68;468;0.27;0.145;0.245;9.5;6.5;23.5
1015002;SIDOLUX ECO;01015002;131-01-072-0007;34025090;5902986211041;5902986211058;SDX ECO SKLA A ZRCADLA 500ml;500ml;1080;8;160;20;5;800;100;0.56;4.68;468;0.27;0.145;0.245;9.5;6.5;23.5
1015004;SIDOLUX ECO;01015004;131-01-072-0009;34025090;5902986211003;5902986211010;SDX ECO KUCHYNĚ 500ml;500ml;1080;8;160;20;5;800;100;0.56;4.68;468;0.27;0.145;0.245;9.5;6.5;23.5
1015005;SIDOLUX ECO;01015005;131-01-072-0010;34025090;5902986210983;5902986210990;SDX ECO KOUPELNA 500ml;500ml;1080;8;160;20;5;800;100;0.56;4.68;468;0.27;0.145;0.245;9.5;6.5;23.5
1015003;SIDOLUX ECO;01015003;131-01-072-0008;34025090;5902986211027;5902986211034;SDX ECO TOALETA 750ml;750ml;1080;8;144;18;5;720;90;0.86;6.88;619.2;0.25;0.18;0.265;9;6;25
1014009;PRIVÁTKA;01014009;121-03-011-0007;32091000;8590273707376;5902986282201;Q POWER LEŠTÍCÍ EMULZE NA PODLAHY 500ml;500ml;1080;15;210;14;4;840;56;0.553;8.695;486.92;0.29;0.23;0.235;9.5;4.5;23
1013511;SILUX SPREJ;01013511;121-06-004-0005;3405200000;5907542740904;5907542740911;SILUX SPRAY NA NÁBYTEK CLASSIC 330ml;300ml;1080;15;60;4;20;1200;80;0.32;5.2;416;0.27;0.165;0.245;5.2;5.2;24
1013510;SILUX SPREJ;01013510;121-06-004-0007;3405200000;5907542740928;5907542740935;SILUX ANTISTATIC SPRAY 300ml;300ml;1080;15;60;4;20;1200;80;0.32;5.2;416;0.27;0.165;0.245;5.2;5.2;24
5000011;SILUX UNI VZORKY;05000011;121-01-021-0443;3402509000;5902986216749;5902986216756;VZOREK SDX JAPANESE CHERRY 35ml;35ml;1080;150;2100;14;5;10500;70;0.038;6.65;465.5;0.262;0.222;0.271;9;1;15
5000012;SILUX UNI VZORKY;05000012;121-01-021-0442;3402509000;5902986216725;5902986216732;VZOREK SDX MARSEILL 35ml;35ml;1080;150;2100;14;5;10500;70;0.038;6.65;465.5;0.262;0.222;0.271;9;1;15
5000013;SILUX UNI VZORKY;05000013;121-01-021-0457;3402509000;5902986217647;5902986217654;VZOREK SDX MARSEILL+LEV 35ml;35ml;1080;150;2100;14;5;10500;70;0.038;6.65;465.5;0.262;0.222;0.271;9;1;15
5000020;PENNY MIX 500ml;05000020;121-99-001-0105;3402509000;5902986218156;/;SDX MIX 15 KS KARTON PENNY;500ml;1080;15;120;8;5;600;40;0.56;8.13;325.2;0.34;0.27;0.273;9.5;6.5;23.5
5000015;utěrka MIKROVLÁKNO;05000015;;;5902986216749;;UTĚRKA MIKRO 40X40 CM;;;200;1200;6;4;4800;24;0.048;9.9;237.6;0.42;0.42;0.33;22;22;0.6
